path	lines	imports	functions	has_main	size_kb
extract_junctions.py	294	3	4	True	10.9
generate_architectures.py	258	4	3	False	8.6
split_by_allele.py	45	2	0	False	1.3
fix_mixmhc2pred_final.py	79	2	0	False	2.4
audit_01_environment.py	82	6	1	False	2.4
audit_03_scripts.py	68	5	0	True	2.0
fix_mixmhc2pred_submission.py	75	2	0	False	2.4
fix_netmhcpan_submission.py	62	2	0	False	1.9
generate_constructs.py	1	0	0	False	0.0
create_final_mixmhc2pred.py	79	2	0	False	2.4
parse_netmhcpan_results.py	47	2	0	False	1.3
data/processed/epitopes/ctl_cluster_final.py	94	1	2	False	2.8
data/processed/epitopes/ctl_cluster_v2.py	94	2	2	False	2.8
data/processed/epitopes/ctl_coordinate_audit.py	32	1	0	False	0.9
data/processed/epitopes/check_kenyan_alleles.py	36	0	0	False	0.8
data/processed/epitopes/ctl_cluster.py	78	2	1	False	2.4
data/processed/epitopes/verify_hidkniiqy.py	41	0	0	False	0.9
data/processed/epitopes/ctl_apply_filters.py	30	1	0	False	0.8
data/processed/epitopes/ctl_regional_collapse.py	73	2	2	False	2.4
data/processed/epitopes/select_representatives.py	123	2	2	False	3.8
data/processed/epitopes/ctl_final_ranking.py	56	2	1	False	1.7
data/processed/epitopes/structural_audit.py	67	3	1	False	2.0
data/processed/epitopes/select_representatives_fixed.py	122	3	2	False	3.7
data/processed/epitopes/construct_entry_qc.py	49	1	0	False	2.4
data/processed/epitopes/ctl_protein_normalized.py	44	1	0	False	1.3
data/processed/epitopes/scripts/11_pareto_ctl_optimization.py	196	4	2	True	6.4
data/processed/epitopes/scripts/12_pareto_ctl_analysis.py	448	4	11	True	15.9
data/processed/epitopes/archive/pre_pareto_reconstruction_20260824/10_compare_ctl_panels.py	30	3	0	False	0.6
data/processed/epitopes/scripts/kenyan_sla_pipeline/05_prepare_netmhcpan.py	40	3	0	False	1.0
data/processed/epitopes/scripts/kenyan_sla_pipeline/02_verify_sla_alleles.py	34	3	0	False	0.8
data/processed/epitopes/scripts/kenyan_sla_pipeline/06_run_netmhcpan.py	25	2	0	False	0.7
data/processed/epitopes/scripts/kenyan_sla_pipeline/10_calculate_haplotype_coverage.py	48	3	0	False	1.5
data/processed/epitopes/scripts/kenyan_sla_pipeline/retrieve_sla_sequences.py	96	5	0	False	2.9
data/processed/epitopes/scripts/kenyan_sla_pipeline/09_calculate_population_coverage.py	16	3	0	False	0.3
data/processed/epitopes/scripts/kenyan_sla_pipeline/04_validate_sequences.py	40	3	0	False	1.0
data/processed/epitopes/scripts/kenyan_sla_pipeline/run_kenyan_sla_pipeline.py	52	4	0	False	1.3
data/processed/epitopes/scripts/kenyan_sla_pipeline/11_generate_qc_report.py	18	4	0	False	0.4
data/processed/epitopes/scripts/kenyan_sla_pipeline/07_parse_netmhcpan.py	25	3	0	False	0.6
data/processed/epitopes/scripts/kenyan_sla_pipeline/hp_f0_validation_gate.py	151	4	2	True	4.6
data/processed/epitopes/scripts/kenyan_sla_pipeline/search_ipd_corrected.py	114	3	2	True	2.9
data/processed/epitopes/scripts/kenyan_sla_pipeline/search_ipd_mhc.py	133	4	1	False	3.7
data/processed/epitopes/scripts/kenyan_sla_pipeline/10_compare_ctl_panels.py	30	3	0	False	0.6
data/processed/epitopes/scripts/kenyan_sla_pipeline/12_generate_provenance_manifest.py	18	4	0	False	0.4
data/processed/epitopes/scripts/kenyan_sla_pipeline/01_verify_literature.py	35	2	0	False	1.0
data/processed/epitopes/scripts/kenyan_sla_pipeline/validate_hp_f0.py	260	5	4	True	9.9
data/processed/epitopes/scripts/kenyan_sla_pipeline/auditable_pipeline.py	396	7	13	True	13.7
data/processed/epitopes/scripts/kenyan_sla_pipeline/08_build_binding_matrix.py	16	3	0	False	0.3
data/processed/epitopes/scripts/kenyan_sla_pipeline/03_retrieve_sla_sequences.py	29	3	0	False	0.7
data/processed/epitopes/scripts/kenyan_sla_pipeline/search_ipd_detailed.py	149	5	1	False	4.3
data/processed/epitopes/scripts/kenyan_sla_pipeline/manage_evidence.py	98	3	3	True	2.7
data/processed/epitopes/p30/ctl/coordinate_conservation.py	124	3	0	False	3.6
scripts/03_genome_acquisition/03_genome_qc.py	485	10	4	True	16.2
scripts/03_genome_acquisition/02_create_metadata.py	314	10	3	True	10.7
scripts/03_genome_acquisition/06_ena_confirmation_fixed.py	74	4	2	True	2.1
scripts/03_genome_acquisition/__init__.py	5	0	0	False	0.1
scripts/03_genome_acquisition/01_download_genomes_fixed.py	71	6	2	True	1.8
scripts/03_genome_acquisition/08_phylogeny_advanced_fixed.py	54	3	3	True	1.6
scripts/03_genome_acquisition/09_quality_filtering.py	111	4	2	True	3.5
scripts/03_genome_acquisition/ncbi_client.py	113	3	3	False	3.4
scripts/03_genome_acquisition/06_ena_confirmation.py	142	7	2	True	3.9
scripts/03_genome_acquisition/08_phylogeny_advanced.py	127	6	4	True	4.1
scripts/03_genome_acquisition/05_cd2v_validation_fixed.py	112	4	3	True	4.1
scripts/03_genome_acquisition/04_genotype_confirmation.py	442	13	7	True	14.5
scripts/03_genome_acquisition/download_utils.py	222	8	7	False	5.6
scripts/03_genome_acquisition/07_terminal_regions_qc.py	45	4	2	True	1.2
scripts/03_genome_acquisition/01_download_genomes.py	132	9	1	True	4.5
scripts/utils/config_loader.py	67	3	2	True	2.2
scripts/05_alignment_conservation/05_clustal_omega.py	32	3	2	True	1.0
scripts/05_alignment_conservation/06_alignment_qc_complete.py	58	5	2	True	1.9
scripts/05_alignment_conservation/07_pig_proteome_complete.py	137	9	3	True	4.2
scripts/05_alignment_conservation/01_align_conservation.py	388	14	6	True	13.1
scripts/05_alignment_conservation/05_clustal_omega_fixed.py	43	3	1	True	1.2
scripts/05_alignment_conservation/07_pig_proteome_complete_fixed2.py	170	10	3	True	6.6
scripts/05_alignment_conservation/07_pig_proteome_complete_fixed.py	134	8	3	True	4.2
scripts/05_alignment_conservation/08_final_verification.py	67	3	1	True	2.2
scripts/05_alignment_conservation/09_epitope_mapping_fixed.py	123	4	1	True	4.5
scripts/05_alignment_conservation/09_epitope_mapping.py	113	4	1	True	3.8
scripts/04_protein_extraction/11_length_validation_final_correct.py	94	4	1	True	3.5
scripts/04_protein_extraction/11_length_validation_force.py	113	5	2	True	3.8
scripts/04_protein_extraction/extract_ba71v_genomes.py	84	3	2	True	3.0
scripts/04_protein_extraction/09_deeptmhmm_api.py	93	7	2	True	2.6
scripts/04_protein_extraction/05_iedb_search.py	145	8	3	True	4.3
scripts/04_protein_extraction/13_final_complete_summary_fixed.py	108	3	1	True	3.9
scripts/04_protein_extraction/11_length_validation_final_real.py	82	4	1	True	2.7
scripts/04_protein_extraction/13_final_complete_summary.py	92	3	1	True	3.8
scripts/04_protein_extraction/12_final_summary.py	77	3	1	True	3.3
scripts/04_protein_extraction/11_length_validation_fixed.py	96	4	1	True	3.4
scripts/04_protein_extraction/01_extract_targets.py	355	12	3	True	11.8
scripts/04_protein_extraction/10_summary_report.py	121	3	1	True	4.4
scripts/04_protein_extraction/06_orthology_fixed.py	52	4	1	True	1.6
scripts/04_protein_extraction/05_iedb_search_manual.py	46	2	2	True	1.2
scripts/04_protein_extraction/07_structural_annotation.py	204	8	4	True	7.3
scripts/04_protein_extraction/02_extract_targets_enhanced.py	400	13	4	True	13.9
scripts/04_protein_extraction/11_length_validation.py	84	4	1	True	2.9
scripts/04_protein_extraction/00_extract_proteins.py	125	8	1	True	4.8
scripts/04_protein_extraction/11_length_validation_actual.py	91	4	1	True	3.2
scripts/04_protein_extraction/08_signalp_api.py	100	8	2	True	3.0
scripts/04_protein_extraction/06_orthology_complete.py	187	8	4	True	6.5
scripts/04_protein_extraction/11_length_validation_final.py	107	4	1	True	4.0
scripts/06_vaccine_design/04_integration.py	75	3	1	True	2.7
scripts/06_vaccine_design/01_extract_nt159_fixed.py	61	5	1	True	2.0
scripts/06_vaccine_design/01_extract_nt159.py	48	3	1	True	1.5
scripts/06_vaccine_design/02_weighting_scheme.py	60	3	1	True	2.0
scripts/06_vaccine_design/03_dual_genotype.py	64	4	1	True	2.2
scripts/07_epitope_discovery/check_dependencies.py	160	6	2	True	5.0
scripts/07_epitope_discovery/02_ctl_discovery.py	222	10	3	True	8.5
scripts/07_epitope_discovery/01_sequence_qc.py	240	8	3	True	9.6
scripts/06_sla_reference/update_classification.py	48	2	0	False	1.5
scripts/06_sla_reference/normalize_alleles.py	53	1	1	False	1.4
scripts/06_sla_reference/curate_tiers.py	83	3	3	True	2.5
scripts/06_sla_reference/build_sla_panel.py	232	10	1	True	7.7
scripts/ml/extract_iedb_ctl.py	123	5	1	False	2.9
scripts/07_epitope_discovery/common/enums.py	54	1	0	False	1.0
scripts/07_epitope_discovery/common/schemas.py	185	0	2	False	7.3
scripts/07_epitope_discovery/common/constants.py	31	0	0	False	0.6
scripts/07_epitope_discovery/common/__init__.py	71	15	0	False	3.0
scripts/07_epitope_discovery/common/version.py	23	2	1	False	0.6
scripts/07_epitope_discovery/common/canonical_record.py	134	4	4	False	4.7
scripts/07_epitope_discovery/common/validation.py	245	3	7	False	8.6
scripts/07_epitope_discovery/common/context.py	100	7	8	False	3.1
scripts/07_epitope_discovery/common/manifest.py	86	6	4	False	2.4
scripts/07_epitope_discovery/common/provenance.py	43	5	1	False	1.1
scripts/07_epitope_discovery/common/logging_utils.py	49	4	1	False	1.4
scripts/07_epitope_discovery/common/checksums.py	37	3	4	False	1.1
scripts/07_epitope_discovery/common/config.py	32	2	0	False	1.0
scripts/07_epitope_discovery/common/io.py	91	7	9	False	2.7
scripts/07_epitope_discovery/common/exceptions.py	48	0	0	False	0.8
scripts/07_epitope_discovery/common/adapters/__init__.py	24	6	0	False	0.6
scripts/07_epitope_discovery/common/adapters/registry.py	32	3	3	False	0.9
scripts/07_epitope_discovery/common/adapters/pigmatrix.py	154	7	7	False	5.5
scripts/07_epitope_discovery/common/adapters/result.py	42	4	2	False	1.3
scripts/07_epitope_discovery/common/adapters/netmhcpan.py	157	7	7	False	5.8
scripts/07_epitope_discovery/common/adapters/base.py	44	4	6	False	1.1
src/asfv_platform/__init__.py	7	0	0	False	0.2
src/asfv_platform/io/__init__.py	5	2	0	False	0.2
src/asfv_platform/io/reports.py	26	1	1	False	0.9
src/asfv_platform/io/files.py	63	4	3	False	1.7
src/asfv_platform/ncbi/__init__.py	4	1	0	False	0.2
src/asfv_platform/ncbi/client.py	70	3	3	False	2.4
src/asfv_platform/utils/__init__.py	5	2	0	False	0.1
src/asfv_platform/utils/logger.py	33	3	1	False	0.8
src/asfv_platform/utils/checksum.py	15	1	1	False	0.3
src/asfv_platform/validation/accession.py	23	0	1	False	0.4
src/asfv_platform/validation/__init__.py	5	2	0	False	0.1
src/asfv_platform/validation/genome.py	41	3	1	False	1.0
src/asfv_platform/config/loader.py	45	4	2	False	1.4
src/asfv_platform/config/__init__.py	4	1	0	False	0.1
