type	path	details
empty_file	cd2v_sequence.fasta	{'type': 'empty_file', 'path': 'cd2v_sequence.fasta', 'size': 0}
empty_file	sla_i_web_submission.txt	{'type': 'empty_file', 'path': 'sla_i_web_submission.txt', 'size': 0}
empty_file	p54_sequence.fasta	{'type': 'empty_file', 'path': 'p54_sequence.fasta', 'size': 0}
empty_file	p30_sequence.fasta	{'type': 'empty_file', 'path': 'p30_sequence.fasta', 'size': 0}
empty_file	pp220_sequence.fasta	{'type': 'empty_file', 'path': 'pp220_sequence.fasta', 'size': 0}
empty_file	LICENSE	{'type': 'empty_file', 'path': 'LICENSE', 'size': 0}
empty_file	README.md	{'type': 'empty_file', 'path': 'README.md', 'size': 0}
empty_file	top_50_architectures.txt	{'type': 'empty_file', 'path': 'top_50_architectures.txt', 'size': 0}
empty_file	CHANGELOG.md	{'type': 'empty_file', 'path': 'CHANGELOG.md', 'size': 0}
empty_file	generate_constructs.py	{'type': 'empty_file', 'path': 'generate_constructs.py', 'size': 0}
empty_file	p72_sequence.fasta	{'type': 'empty_file', 'path': 'p72_sequence.fasta', 'size': 0}
empty_file	docs/reproducibility.md	{'type': 'empty_file', 'path': 'docs/reproducibility.md', 'size': 0}
empty_file	docs/workflow.md	{'type': 'empty_file', 'path': 'docs/workflow.md', 'size': 0}
empty_file	docs/project_architecture.md	{'type': 'empty_file', 'path': 'docs/project_architecture.md', 'size': 0}
empty_file	docs/database_schema.md	{'type': 'empty_file', 'path': 'docs/database_schema.md', 'size': 0}
empty_file	docs/vps_setup.md	{'type': 'empty_file', 'path': 'docs/vps_setup.md', 'size': 0}
empty_file	logs/pipeline.log	{'type': 'empty_file', 'path': 'logs/pipeline.log', 'size': 0}
empty_file	logs/dashboard.log	{'type': 'empty_file', 'path': 'logs/dashboard.log', 'size': 0}
empty_file	logs/install.log	{'type': 'empty_file', 'path': 'logs/install.log', 'size': 0}
empty_file	logs/error.log	{'type': 'empty_file', 'path': 'logs/error.log', 'size': 0}
empty_file	MixMHC2pred/PWMdef/SLA_DRA_01_01__DRB1_02_02.pwm.corrupt	{'type': 'empty_file', 'path': 'MixMHC2pred/PWMdef/SLA_DRA_01_01__DRB1_02_02.pwm.corrupt', 'size': 0}
empty_file	data/processed/epitopes/ctl_peptides_direct.txt	{'type': 'empty_file', 'path': 'data/processed/epitopes/ctl_peptides_direct.txt', 'size': 0}
empty_file	data/processed/epitopes/row2[avg_conservation],	{'type': 'empty_file', 'path': 'data/processed/epitopes/row2[avg_conservation],', 'size': 0}
empty_file	data/processed/epitopes/row2[allele_breadth],	{'type': 'empty_file', 'path': 'data/processed/epitopes/row2[allele_breadth],', 'size': 0}
empty_file	data/processed/epitopes/=	{'type': 'empty_file', 'path': 'data/processed/epitopes/=', 'size': 0}
empty_file	data/processed/epitopes/row2[unique_alleles],	{'type': 'empty_file', 'path': 'data/processed/epitopes/row2[unique_alleles],', 'size': 0}
empty_file	data/processed/epitopes/row2[avg_ml]	{'type': 'empty_file', 'path': 'data/processed/epitopes/row2[avg_ml]', 'size': 0}
empty_file	data/processed/epitopes/ctl_peptides_clean_final.txt	{'type': 'empty_file', 'path': 'data/processed/epitopes/ctl_peptides_clean_final.txt', 'size': 0}
empty_file	data/processed/epitopes/linker_summary.txt	{'type': 'empty_file', 'path': 'data/processed/epitopes/linker_summary.txt', 'size': 0}
empty_file	data/processed/epitopes/ctl_clean_only.txt	{'type': 'empty_file', 'path': 'data/processed/epitopes/ctl_clean_only.txt', 'size': 0}
empty_file	data/processed/epitopes/row2[experimental_score],	{'type': 'empty_file', 'path': 'data/processed/epitopes/row2[experimental_score],', 'size': 0}
empty_file	data/processed/epitopes/datasets/ctl/ctl_training_positives_raw.csv	{'type': 'empty_file', 'path': 'data/processed/epitopes/datasets/ctl/ctl_training_positives_raw.csv', 'size': 0}
empty_file	data/processed/epitopes/data/raw/netmhcpan_allele_list.txt	{'type': 'empty_file', 'path': 'data/processed/epitopes/data/raw/netmhcpan_allele_list.txt', 'size': 0}
empty_file	data/processed/epitopes/data/predictions/netmhcpan/sla_sequences.fasta	{'type': 'empty_file', 'path': 'data/processed/epitopes/data/predictions/netmhcpan/sla_sequences.fasta', 'size': 0}
empty_file	data/processed/epitopes/data/raw/paper_supplementary/sorensen_2017_supplement.pdf	{'type': 'empty_file', 'path': 'data/processed/epitopes/data/raw/paper_supplementary/sorensen_2017_supplement.pdf', 'size': 0}
empty_file	data/processed/epitopes/data/verified/kenyan_sla/sla_sequences.fasta	{'type': 'empty_file', 'path': 'data/processed/epitopes/data/verified/kenyan_sla/sla_sequences.fasta', 'size': 0}
empty_file	temp/mail.aiconceptlimited.com.ng_20260716_105840156_fnwq/jobSFLD/000000000001_000000000005.raw.align.out	{'type': 'empty_file', 'path': 'temp/mail.aiconceptlimited.com.ng_20260716_105840156_fnwq/jobSFLD/000000000001_000000000005.raw.align.out', 'size': 0}
empty_file	temp/mail.aiconceptlimited.com.ng_20260716_105840156_fnwq/jobSFLD/000000000001_000000000005_one.raw.out	{'type': 'empty_file', 'path': 'temp/mail.aiconceptlimited.com.ng_20260716_105840156_fnwq/jobSFLD/000000000001_000000000005_one.raw.out', 'size': 0}
empty_file	temp/mail.aiconceptlimited.com.ng_20260716_105840156_fnwq/jobGene3d/000000000001_000000000005_one.raw.out	{'type': 'empty_file', 'path': 'temp/mail.aiconceptlimited.com.ng_20260716_105840156_fnwq/jobGene3d/000000000001_000000000005_one.raw.out', 'size': 0}
empty_file	temp/mail.aiconceptlimited.com.ng_20260716_105840156_fnwq/jobFunFam/000000000001_000000000005_one.raw.out	{'type': 'empty_file', 'path': 'temp/mail.aiconceptlimited.com.ng_20260716_105840156_fnwq/jobFunFam/000000000001_000000000005_one.raw.out', 'size': 0}
empty_file	temp/mail.aiconceptlimited.com.ng_20260716_105840156_fnwq/jobHAMAP/000000000001_000000000005_one.raw.out	{'type': 'empty_file', 'path': 'temp/mail.aiconceptlimited.com.ng_20260716_105840156_fnwq/jobHAMAP/000000000001_000000000005_one.raw.out', 'size': 0}
empty_file	temp/mail.aiconceptlimited.com.ng_20260716_105840156_fnwq/jobHAMAP/000000000001_000000000005.filtered.fasta	{'type': 'empty_file', 'path': 'temp/mail.aiconceptlimited.com.ng_20260716_105840156_fnwq/jobHAMAP/000000000001_000000000005.filtered.fasta', 'size': 0}
empty_file	temp/mail.aiconceptlimited.com.ng_20260716_105840156_fnwq/jobPIRSR/000000000001_000000000005.raw.align.out	{'type': 'empty_file', 'path': 'temp/mail.aiconceptlimited.com.ng_20260716_105840156_fnwq/jobPIRSR/000000000001_000000000005.raw.align.out', 'size': 0}
empty_file	temp/mail.aiconceptlimited.com.ng_20260716_105840156_fnwq/jobPrositeProfiles/000000000001_000000000005.raw.out	{'type': 'empty_file', 'path': 'temp/mail.aiconceptlimited.com.ng_20260716_105840156_fnwq/jobPrositeProfiles/000000000001_000000000005.raw.out', 'size': 0}
empty_file	temp/mail.aiconceptlimited.com.ng_20260716_105840156_fnwq/kvstore/entryDB/LOCK	{'type': 'empty_file', 'path': 'temp/mail.aiconceptlimited.com.ng_20260716_105840156_fnwq/kvstore/entryDB/LOCK', 'size': 0}
empty_file	temp/mail.aiconceptlimited.com.ng_20260716_105840156_fnwq/kvstore/proteinNotInLookupDB/LOCK	{'type': 'empty_file', 'path': 'temp/mail.aiconceptlimited.com.ng_20260716_105840156_fnwq/kvstore/proteinNotInLookupDB/LOCK', 'size': 0}
empty_file	temp/mail.aiconceptlimited.com.ng_20260716_105840156_fnwq/kvstore/proteinDB/LOCK	{'type': 'empty_file', 'path': 'temp/mail.aiconceptlimited.com.ng_20260716_105840156_fnwq/kvstore/proteinDB/LOCK', 'size': 0}
empty_file	temp/mail.aiconceptlimited.com.ng_20260716_105840156_fnwq/kvstore/NucleotideDB/LOCK	{'type': 'empty_file', 'path': 'temp/mail.aiconceptlimited.com.ng_20260716_105840156_fnwq/kvstore/NucleotideDB/LOCK', 'size': 0}
empty_file	temp/mail.aiconceptlimited.com.ng_20260716_105840156_fnwq/kvstore/matchDB/LOCK	{'type': 'empty_file', 'path': 'temp/mail.aiconceptlimited.com.ng_20260716_105840156_fnwq/kvstore/matchDB/LOCK', 'size': 0}
empty_file	temp/mail.aiconceptlimited.com.ng_20260716_105048959_9p0j/jobSFLD/000000000001_000000000006_one.raw.out	{'type': 'empty_file', 'path': 'temp/mail.aiconceptlimited.com.ng_20260716_105048959_9p0j/jobSFLD/000000000001_000000000006_one.raw.out', 'size': 0}
empty_file	temp/mail.aiconceptlimited.com.ng_20260716_105048959_9p0j/jobSFLD/000000000001_000000000006.raw.align.out	{'type': 'empty_file', 'path': 'temp/mail.aiconceptlimited.com.ng_20260716_105048959_9p0j/jobSFLD/000000000001_000000000006.raw.align.out', 'size': 0}
empty_file	temp/mail.aiconceptlimited.com.ng_20260716_105048959_9p0j/jobGene3d/000000000001_000000000006_one.raw.out	{'type': 'empty_file', 'path': 'temp/mail.aiconceptlimited.com.ng_20260716_105048959_9p0j/jobGene3d/000000000001_000000000006_one.raw.out', 'size': 0}
empty_file	temp/mail.aiconceptlimited.com.ng_20260716_105048959_9p0j/jobGene3d/000000000001_000000000006_two.raw.out	{'type': 'empty_file', 'path': 'temp/mail.aiconceptlimited.com.ng_20260716_105048959_9p0j/jobGene3d/000000000001_000000000006_two.raw.out', 'size': 0}
empty_file	temp/mail.aiconceptlimited.com.ng_20260716_105048959_9p0j/jobFunFam/000000000001_000000000006_one.raw.out	{'type': 'empty_file', 'path': 'temp/mail.aiconceptlimited.com.ng_20260716_105048959_9p0j/jobFunFam/000000000001_000000000006_one.raw.out', 'size': 0}
empty_file	temp/mail.aiconceptlimited.com.ng_20260716_105048959_9p0j/jobHAMAP/000000000001_000000000006.filtered.fasta	{'type': 'empty_file', 'path': 'temp/mail.aiconceptlimited.com.ng_20260716_105048959_9p0j/jobHAMAP/000000000001_000000000006.filtered.fasta', 'size': 0}
empty_file	temp/mail.aiconceptlimited.com.ng_20260716_105048959_9p0j/jobHAMAP/000000000001_000000000006_one.raw.out	{'type': 'empty_file', 'path': 'temp/mail.aiconceptlimited.com.ng_20260716_105048959_9p0j/jobHAMAP/000000000001_000000000006_one.raw.out', 'size': 0}
empty_file	temp/mail.aiconceptlimited.com.ng_20260716_105048959_9p0j/jobMobiDBLite/000000000001_000000000006.raw.out	{'type': 'empty_file', 'path': 'temp/mail.aiconceptlimited.com.ng_20260716_105048959_9p0j/jobMobiDBLite/000000000001_000000000006.raw.out', 'size': 0}
empty_file	temp/mail.aiconceptlimited.com.ng_20260716_105048959_9p0j/jobPIRSR/000000000001_000000000006.raw.align.out	{'type': 'empty_file', 'path': 'temp/mail.aiconceptlimited.com.ng_20260716_105048959_9p0j/jobPIRSR/000000000001_000000000006.raw.align.out', 'size': 0}
empty_file	temp/mail.aiconceptlimited.com.ng_20260716_105048959_9p0j/jobPrositeProfiles/000000000001_000000000006.raw.out	{'type': 'empty_file', 'path': 'temp/mail.aiconceptlimited.com.ng_20260716_105048959_9p0j/jobPrositeProfiles/000000000001_000000000006.raw.out', 'size': 0}
empty_file	temp/mail.aiconceptlimited.com.ng_20260716_105048959_9p0j/kvstore/entryDB/LOCK	{'type': 'empty_file', 'path': 'temp/mail.aiconceptlimited.com.ng_20260716_105048959_9p0j/kvstore/entryDB/LOCK', 'size': 0}
empty_file	temp/mail.aiconceptlimited.com.ng_20260716_105048959_9p0j/kvstore/proteinNotInLookupDB/LOCK	{'type': 'empty_file', 'path': 'temp/mail.aiconceptlimited.com.ng_20260716_105048959_9p0j/kvstore/proteinNotInLookupDB/LOCK', 'size': 0}
empty_file	temp/mail.aiconceptlimited.com.ng_20260716_105048959_9p0j/kvstore/proteinDB/LOCK	{'type': 'empty_file', 'path': 'temp/mail.aiconceptlimited.com.ng_20260716_105048959_9p0j/kvstore/proteinDB/LOCK', 'size': 0}
empty_file	temp/mail.aiconceptlimited.com.ng_20260716_105048959_9p0j/kvstore/NucleotideDB/LOCK	{'type': 'empty_file', 'path': 'temp/mail.aiconceptlimited.com.ng_20260716_105048959_9p0j/kvstore/NucleotideDB/LOCK', 'size': 0}
empty_file	temp/mail.aiconceptlimited.com.ng_20260716_105048959_9p0j/kvstore/matchDB/LOCK	{'type': 'empty_file', 'path': 'temp/mail.aiconceptlimited.com.ng_20260716_105048959_9p0j/kvstore/matchDB/LOCK', 'size': 0}
empty_file	temp/mail.aiconceptlimited.com.ng_20260716_105545056_imty/jobSFLD/000000000001_000000000006_one.raw.out	{'type': 'empty_file', 'path': 'temp/mail.aiconceptlimited.com.ng_20260716_105545056_imty/jobSFLD/000000000001_000000000006_one.raw.out', 'size': 0}
empty_file	temp/mail.aiconceptlimited.com.ng_20260716_105545056_imty/jobSFLD/000000000001_000000000006.raw.align.out	{'type': 'empty_file', 'path': 'temp/mail.aiconceptlimited.com.ng_20260716_105545056_imty/jobSFLD/000000000001_000000000006.raw.align.out', 'size': 0}
empty_file	temp/mail.aiconceptlimited.com.ng_20260716_105545056_imty/jobGene3d/000000000001_000000000006_one.raw.out	{'type': 'empty_file', 'path': 'temp/mail.aiconceptlimited.com.ng_20260716_105545056_imty/jobGene3d/000000000001_000000000006_one.raw.out', 'size': 0}
empty_file	temp/mail.aiconceptlimited.com.ng_20260716_105545056_imty/jobGene3d/000000000001_000000000006_two.raw.out	{'type': 'empty_file', 'path': 'temp/mail.aiconceptlimited.com.ng_20260716_105545056_imty/jobGene3d/000000000001_000000000006_two.raw.out', 'size': 0}
empty_file	temp/mail.aiconceptlimited.com.ng_20260716_105545056_imty/jobFunFam/000000000001_000000000006_one.raw.out	{'type': 'empty_file', 'path': 'temp/mail.aiconceptlimited.com.ng_20260716_105545056_imty/jobFunFam/000000000001_000000000006_one.raw.out', 'size': 0}
empty_file	temp/mail.aiconceptlimited.com.ng_20260716_105545056_imty/jobHAMAP/000000000001_000000000006.filtered.fasta	{'type': 'empty_file', 'path': 'temp/mail.aiconceptlimited.com.ng_20260716_105545056_imty/jobHAMAP/000000000001_000000000006.filtered.fasta', 'size': 0}
empty_file	temp/mail.aiconceptlimited.com.ng_20260716_105545056_imty/jobHAMAP/000000000001_000000000006_one.raw.out	{'type': 'empty_file', 'path': 'temp/mail.aiconceptlimited.com.ng_20260716_105545056_imty/jobHAMAP/000000000001_000000000006_one.raw.out', 'size': 0}
empty_file	temp/mail.aiconceptlimited.com.ng_20260716_105545056_imty/jobMobiDBLite/000000000001_000000000006.raw.out	{'type': 'empty_file', 'path': 'temp/mail.aiconceptlimited.com.ng_20260716_105545056_imty/jobMobiDBLite/000000000001_000000000006.raw.out', 'size': 0}
empty_file	temp/mail.aiconceptlimited.com.ng_20260716_105545056_imty/jobPIRSR/000000000001_000000000006.raw.align.out	{'type': 'empty_file', 'path': 'temp/mail.aiconceptlimited.com.ng_20260716_105545056_imty/jobPIRSR/000000000001_000000000006.raw.align.out', 'size': 0}
empty_file	temp/mail.aiconceptlimited.com.ng_20260716_105545056_imty/jobPrositeProfiles/000000000001_000000000006.raw.out	{'type': 'empty_file', 'path': 'temp/mail.aiconceptlimited.com.ng_20260716_105545056_imty/jobPrositeProfiles/000000000001_000000000006.raw.out', 'size': 0}
empty_file	temp/mail.aiconceptlimited.com.ng_20260716_105545056_imty/kvstore/entryDB/LOCK	{'type': 'empty_file', 'path': 'temp/mail.aiconceptlimited.com.ng_20260716_105545056_imty/kvstore/entryDB/LOCK', 'size': 0}
empty_file	temp/mail.aiconceptlimited.com.ng_20260716_105545056_imty/kvstore/proteinNotInLookupDB/LOCK	{'type': 'empty_file', 'path': 'temp/mail.aiconceptlimited.com.ng_20260716_105545056_imty/kvstore/proteinNotInLookupDB/LOCK', 'size': 0}
empty_file	temp/mail.aiconceptlimited.com.ng_20260716_105545056_imty/kvstore/proteinDB/LOCK	{'type': 'empty_file', 'path': 'temp/mail.aiconceptlimited.com.ng_20260716_105545056_imty/kvstore/proteinDB/LOCK', 'size': 0}
empty_file	temp/mail.aiconceptlimited.com.ng_20260716_105545056_imty/kvstore/NucleotideDB/LOCK	{'type': 'empty_file', 'path': 'temp/mail.aiconceptlimited.com.ng_20260716_105545056_imty/kvstore/NucleotideDB/LOCK', 'size': 0}
empty_file	temp/mail.aiconceptlimited.com.ng_20260716_105545056_imty/kvstore/matchDB/LOCK	{'type': 'empty_file', 'path': 'temp/mail.aiconceptlimited.com.ng_20260716_105545056_imty/kvstore/matchDB/LOCK', 'size': 0}
empty_file	temp/mail.aiconceptlimited.com.ng_20260716_113314753_dcmo/jobSFLD/000000000001_000000000006_one.raw.out	{'type': 'empty_file', 'path': 'temp/mail.aiconceptlimited.com.ng_20260716_113314753_dcmo/jobSFLD/000000000001_000000000006_one.raw.out', 'size': 0}
empty_file	temp/mail.aiconceptlimited.com.ng_20260716_113314753_dcmo/jobSFLD/000000000001_000000000006.raw.align.out	{'type': 'empty_file', 'path': 'temp/mail.aiconceptlimited.com.ng_20260716_113314753_dcmo/jobSFLD/000000000001_000000000006.raw.align.out', 'size': 0}
empty_file	temp/mail.aiconceptlimited.com.ng_20260716_113314753_dcmo/jobGene3d/000000000001_000000000006_one.raw.out	{'type': 'empty_file', 'path': 'temp/mail.aiconceptlimited.com.ng_20260716_113314753_dcmo/jobGene3d/000000000001_000000000006_one.raw.out', 'size': 0}
empty_file	temp/mail.aiconceptlimited.com.ng_20260716_113314753_dcmo/jobGene3d/000000000001_000000000006_two.raw.out	{'type': 'empty_file', 'path': 'temp/mail.aiconceptlimited.com.ng_20260716_113314753_dcmo/jobGene3d/000000000001_000000000006_two.raw.out', 'size': 0}
empty_file	temp/mail.aiconceptlimited.com.ng_20260716_113314753_dcmo/jobFunFam/000000000001_000000000006_one.raw.out	{'type': 'empty_file', 'path': 'temp/mail.aiconceptlimited.com.ng_20260716_113314753_dcmo/jobFunFam/000000000001_000000000006_one.raw.out', 'size': 0}
empty_file	temp/mail.aiconceptlimited.com.ng_20260716_113314753_dcmo/jobHAMAP/000000000001_000000000006.filtered.fasta	{'type': 'empty_file', 'path': 'temp/mail.aiconceptlimited.com.ng_20260716_113314753_dcmo/jobHAMAP/000000000001_000000000006.filtered.fasta', 'size': 0}
empty_file	temp/mail.aiconceptlimited.com.ng_20260716_113314753_dcmo/jobHAMAP/000000000001_000000000006_one.raw.out	{'type': 'empty_file', 'path': 'temp/mail.aiconceptlimited.com.ng_20260716_113314753_dcmo/jobHAMAP/000000000001_000000000006_one.raw.out', 'size': 0}
empty_file	temp/mail.aiconceptlimited.com.ng_20260716_113314753_dcmo/jobMobiDBLite/000000000001_000000000006.raw.out	{'type': 'empty_file', 'path': 'temp/mail.aiconceptlimited.com.ng_20260716_113314753_dcmo/jobMobiDBLite/000000000001_000000000006.raw.out', 'size': 0}
empty_file	temp/mail.aiconceptlimited.com.ng_20260716_113314753_dcmo/jobPIRSR/000000000001_000000000006.raw.align.out	{'type': 'empty_file', 'path': 'temp/mail.aiconceptlimited.com.ng_20260716_113314753_dcmo/jobPIRSR/000000000001_000000000006.raw.align.out', 'size': 0}
empty_file	temp/mail.aiconceptlimited.com.ng_20260716_113314753_dcmo/jobPrositeProfiles/000000000001_000000000006.raw.out	{'type': 'empty_file', 'path': 'temp/mail.aiconceptlimited.com.ng_20260716_113314753_dcmo/jobPrositeProfiles/000000000001_000000000006.raw.out', 'size': 0}
empty_file	temp/mail.aiconceptlimited.com.ng_20260716_113314753_dcmo/kvstore/entryDB/LOCK	{'type': 'empty_file', 'path': 'temp/mail.aiconceptlimited.com.ng_20260716_113314753_dcmo/kvstore/entryDB/LOCK', 'size': 0}
empty_file	temp/mail.aiconceptlimited.com.ng_20260716_113314753_dcmo/kvstore/proteinNotInLookupDB/LOCK	{'type': 'empty_file', 'path': 'temp/mail.aiconceptlimited.com.ng_20260716_113314753_dcmo/kvstore/proteinNotInLookupDB/LOCK', 'size': 0}
empty_file	temp/mail.aiconceptlimited.com.ng_20260716_113314753_dcmo/kvstore/proteinDB/LOCK	{'type': 'empty_file', 'path': 'temp/mail.aiconceptlimited.com.ng_20260716_113314753_dcmo/kvstore/proteinDB/LOCK', 'size': 0}
empty_file	temp/mail.aiconceptlimited.com.ng_20260716_113314753_dcmo/kvstore/NucleotideDB/LOCK	{'type': 'empty_file', 'path': 'temp/mail.aiconceptlimited.com.ng_20260716_113314753_dcmo/kvstore/NucleotideDB/LOCK', 'size': 0}
empty_file	temp/mail.aiconceptlimited.com.ng_20260716_113314753_dcmo/kvstore/matchDB/LOCK	{'type': 'empty_file', 'path': 'temp/mail.aiconceptlimited.com.ng_20260716_113314753_dcmo/kvstore/matchDB/LOCK', 'size': 0}
empty_file	temp/mail.aiconceptlimited.com.ng_20260716_110129671_62m7/jobSFLD/000000000001_000000000005.raw.align.out	{'type': 'empty_file', 'path': 'temp/mail.aiconceptlimited.com.ng_20260716_110129671_62m7/jobSFLD/000000000001_000000000005.raw.align.out', 'size': 0}
empty_file	temp/mail.aiconceptlimited.com.ng_20260716_110129671_62m7/jobSFLD/000000000001_000000000005_one.raw.out	{'type': 'empty_file', 'path': 'temp/mail.aiconceptlimited.com.ng_20260716_110129671_62m7/jobSFLD/000000000001_000000000005_one.raw.out', 'size': 0}
empty_file	temp/mail.aiconceptlimited.com.ng_20260716_110129671_62m7/jobCDD/000000000001_000000000005.raw.out	{'type': 'empty_file', 'path': 'temp/mail.aiconceptlimited.com.ng_20260716_110129671_62m7/jobCDD/000000000001_000000000005.raw.out', 'size': 0}
empty_file	temp/mail.aiconceptlimited.com.ng_20260716_110129671_62m7/jobGene3d/000000000001_000000000005_one.raw.out	{'type': 'empty_file', 'path': 'temp/mail.aiconceptlimited.com.ng_20260716_110129671_62m7/jobGene3d/000000000001_000000000005_one.raw.out', 'size': 0}
empty_file	temp/mail.aiconceptlimited.com.ng_20260716_110129671_62m7/jobHAMAP/000000000001_000000000005_one.raw.out	{'type': 'empty_file', 'path': 'temp/mail.aiconceptlimited.com.ng_20260716_110129671_62m7/jobHAMAP/000000000001_000000000005_one.raw.out', 'size': 0}
empty_file	temp/mail.aiconceptlimited.com.ng_20260716_110129671_62m7/jobHAMAP/000000000001_000000000005.filtered.fasta	{'type': 'empty_file', 'path': 'temp/mail.aiconceptlimited.com.ng_20260716_110129671_62m7/jobHAMAP/000000000001_000000000005.filtered.fasta', 'size': 0}
