peptides,panel_size,allele_breadth,unique_alleles,avg_conservation,experimental_score,avg_netmhcpan,avg_ml,combo
"['HIDKNIIQY', 'RSIPLANIY']",2,1.0,6,0.95,3,0.76,0.22000000000000003,"({'id': 'CTL_pp220_1362', 'peptide': 'HIDKNIIQY', 'protein': 'pp220', 'allele_count': 4, 'alleles': ['SLA-1:0101', 'SLA-1:0401', 'SLA-1:1201', 'SLA-2:0401'], 'conservation': 1.0, 'experimental_evidence': 'Tier A', 'netmhcpan_score': 0.767, 'ml_score': 0.28, 'toxicity_flag': False, 'allergenicity_flag': False}, {'id': 'CTL_pp220_2008', 'peptide': 'RSIPLANIY', 'protein': 'pp220', 'allele_count': 5, 'alleles': ['SLA-1:0401', 'SLA-1:1201', 'SLA-2:0401', 'SLA-3:0301', 'SLA-3:0401'], 'conservation': 0.9, 'experimental_evidence': 'Tier B', 'netmhcpan_score': 0.753, 'ml_score': 0.16, 'toxicity_flag': False, 'allergenicity_flag': True})"
"['HIDKNIIQY', 'SAMEVLHEL']",2,1.0,6,0.95,3,0.76,0.23,"({'id': 'CTL_pp220_1362', 'peptide': 'HIDKNIIQY', 'protein': 'pp220', 'allele_count': 4, 'alleles': ['SLA-1:0101', 'SLA-1:0401', 'SLA-1:1201', 'SLA-2:0401'], 'conservation': 1.0, 'experimental_evidence': 'Tier A', 'netmhcpan_score': 0.767, 'ml_score': 0.28, 'toxicity_flag': False, 'allergenicity_flag': False}, {'id': 'CTL_pp220_1771', 'peptide': 'SAMEVLHEL', 'protein': 'pp220', 'allele_count': 5, 'alleles': ['SLA-1:0101', 'SLA-1:1201', 'SLA-2:0401', 'SLA-3:0301', 'SLA-3:0401'], 'conservation': 0.9, 'experimental_evidence': 'Tier B', 'netmhcpan_score': 0.753, 'ml_score': 0.18, 'toxicity_flag': False, 'allergenicity_flag': True})"
"['HIDKNIIQY', 'YTDIVQKKY']",2,0.6666666666666666,4,1.0,3,0.7250000000000001,0.31000000000000005,"({'id': 'CTL_pp220_1362', 'peptide': 'HIDKNIIQY', 'protein': 'pp220', 'allele_count': 4, 'alleles': ['SLA-1:0101', 'SLA-1:0401', 'SLA-1:1201', 'SLA-2:0401'], 'conservation': 1.0, 'experimental_evidence': 'Tier A', 'netmhcpan_score': 0.767, 'ml_score': 0.28, 'toxicity_flag': False, 'allergenicity_flag': False}, {'id': 'CTL_pp220_501', 'peptide': 'YTDIVQKKY', 'protein': 'pp220', 'allele_count': 3, 'alleles': ['SLA-1:0401', 'SLA-1:1201', 'SLA-2:0401'], 'conservation': 1.0, 'experimental_evidence': 'Tier B', 'netmhcpan_score': 0.683, 'ml_score': 0.34, 'toxicity_flag': False, 'allergenicity_flag': True})"
"['RSIPLANIY', 'SAMEVLHEL']",2,1.0,6,0.9,2,0.753,0.16999999999999998,"({'id': 'CTL_pp220_2008', 'peptide': 'RSIPLANIY', 'protein': 'pp220', 'allele_count': 5, 'alleles': ['SLA-1:0401', 'SLA-1:1201', 'SLA-2:0401', 'SLA-3:0301', 'SLA-3:0401'], 'conservation': 0.9, 'experimental_evidence': 'Tier B', 'netmhcpan_score': 0.753, 'ml_score': 0.16, 'toxicity_flag': False, 'allergenicity_flag': True}, {'id': 'CTL_pp220_1771', 'peptide': 'SAMEVLHEL', 'protein': 'pp220', 'allele_count': 5, 'alleles': ['SLA-1:0101', 'SLA-1:1201', 'SLA-2:0401', 'SLA-3:0301', 'SLA-3:0401'], 'conservation': 0.9, 'experimental_evidence': 'Tier B', 'netmhcpan_score': 0.753, 'ml_score': 0.18, 'toxicity_flag': False, 'allergenicity_flag': True})"
"['RSIPLANIY', 'YTDIVQKKY']",2,0.8333333333333334,5,0.95,2,0.718,0.25,"({'id': 'CTL_pp220_2008', 'peptide': 'RSIPLANIY', 'protein': 'pp220', 'allele_count': 5, 'alleles': ['SLA-1:0401', 'SLA-1:1201', 'SLA-2:0401', 'SLA-3:0301', 'SLA-3:0401'], 'conservation': 0.9, 'experimental_evidence': 'Tier B', 'netmhcpan_score': 0.753, 'ml_score': 0.16, 'toxicity_flag': False, 'allergenicity_flag': True}, {'id': 'CTL_pp220_501', 'peptide': 'YTDIVQKKY', 'protein': 'pp220', 'allele_count': 3, 'alleles': ['SLA-1:0401', 'SLA-1:1201', 'SLA-2:0401'], 'conservation': 1.0, 'experimental_evidence': 'Tier B', 'netmhcpan_score': 0.683, 'ml_score': 0.34, 'toxicity_flag': False, 'allergenicity_flag': True})"
"['SAMEVLHEL', 'YTDIVQKKY']",2,1.0,6,0.95,2,0.718,0.26,"({'id': 'CTL_pp220_1771', 'peptide': 'SAMEVLHEL', 'protein': 'pp220', 'allele_count': 5, 'alleles': ['SLA-1:0101', 'SLA-1:1201', 'SLA-2:0401', 'SLA-3:0301', 'SLA-3:0401'], 'conservation': 0.9, 'experimental_evidence': 'Tier B', 'netmhcpan_score': 0.753, 'ml_score': 0.18, 'toxicity_flag': False, 'allergenicity_flag': True}, {'id': 'CTL_pp220_501', 'peptide': 'YTDIVQKKY', 'protein': 'pp220', 'allele_count': 3, 'alleles': ['SLA-1:0401', 'SLA-1:1201', 'SLA-2:0401'], 'conservation': 1.0, 'experimental_evidence': 'Tier B', 'netmhcpan_score': 0.683, 'ml_score': 0.34, 'toxicity_flag': False, 'allergenicity_flag': True})"
"['HIDKNIIQY', 'RSIPLANIY', 'SAMEVLHEL']",3,1.0,6,0.9333333333333332,4,0.7576666666666667,0.2066666666666667,"({'id': 'CTL_pp220_1362', 'peptide': 'HIDKNIIQY', 'protein': 'pp220', 'allele_count': 4, 'alleles': ['SLA-1:0101', 'SLA-1:0401', 'SLA-1:1201', 'SLA-2:0401'], 'conservation': 1.0, 'experimental_evidence': 'Tier A', 'netmhcpan_score': 0.767, 'ml_score': 0.28, 'toxicity_flag': False, 'allergenicity_flag': False}, {'id': 'CTL_pp220_2008', 'peptide': 'RSIPLANIY', 'protein': 'pp220', 'allele_count': 5, 'alleles': ['SLA-1:0401', 'SLA-1:1201', 'SLA-2:0401', 'SLA-3:0301', 'SLA-3:0401'], 'conservation': 0.9, 'experimental_evidence': 'Tier B', 'netmhcpan_score': 0.753, 'ml_score': 0.16, 'toxicity_flag': False, 'allergenicity_flag': True}, {'id': 'CTL_pp220_1771', 'peptide': 'SAMEVLHEL', 'protein': 'pp220', 'allele_count': 5, 'alleles': ['SLA-1:0101', 'SLA-1:1201', 'SLA-2:0401', 'SLA-3:0301', 'SLA-3:0401'], 'conservation': 0.9, 'experimental_evidence': 'Tier B', 'netmhcpan_score': 0.753, 'ml_score': 0.18, 'toxicity_flag': False, 'allergenicity_flag': True})"
"['HIDKNIIQY', 'RSIPLANIY', 'YTDIVQKKY']",3,1.0,6,0.9666666666666667,4,0.7343333333333334,0.26,"({'id': 'CTL_pp220_1362', 'peptide': 'HIDKNIIQY', 'protein': 'pp220', 'allele_count': 4, 'alleles': ['SLA-1:0101', 'SLA-1:0401', 'SLA-1:1201', 'SLA-2:0401'], 'conservation': 1.0, 'experimental_evidence': 'Tier A', 'netmhcpan_score': 0.767, 'ml_score': 0.28, 'toxicity_flag': False, 'allergenicity_flag': False}, {'id': 'CTL_pp220_2008', 'peptide': 'RSIPLANIY', 'protein': 'pp220', 'allele_count': 5, 'alleles': ['SLA-1:0401', 'SLA-1:1201', 'SLA-2:0401', 'SLA-3:0301', 'SLA-3:0401'], 'conservation': 0.9, 'experimental_evidence': 'Tier B', 'netmhcpan_score': 0.753, 'ml_score': 0.16, 'toxicity_flag': False, 'allergenicity_flag': True}, {'id': 'CTL_pp220_501', 'peptide': 'YTDIVQKKY', 'protein': 'pp220', 'allele_count': 3, 'alleles': ['SLA-1:0401', 'SLA-1:1201', 'SLA-2:0401'], 'conservation': 1.0, 'experimental_evidence': 'Tier B', 'netmhcpan_score': 0.683, 'ml_score': 0.34, 'toxicity_flag': False, 'allergenicity_flag': True})"
"['HIDKNIIQY', 'SAMEVLHEL', 'YTDIVQKKY']",3,1.0,6,0.9666666666666667,4,0.7343333333333334,0.26666666666666666,"({'id': 'CTL_pp220_1362', 'peptide': 'HIDKNIIQY', 'protein': 'pp220', 'allele_count': 4, 'alleles': ['SLA-1:0101', 'SLA-1:0401', 'SLA-1:1201', 'SLA-2:0401'], 'conservation': 1.0, 'experimental_evidence': 'Tier A', 'netmhcpan_score': 0.767, 'ml_score': 0.28, 'toxicity_flag': False, 'allergenicity_flag': False}, {'id': 'CTL_pp220_1771', 'peptide': 'SAMEVLHEL', 'protein': 'pp220', 'allele_count': 5, 'alleles': ['SLA-1:0101', 'SLA-1:1201', 'SLA-2:0401', 'SLA-3:0301', 'SLA-3:0401'], 'conservation': 0.9, 'experimental_evidence': 'Tier B', 'netmhcpan_score': 0.753, 'ml_score': 0.18, 'toxicity_flag': False, 'allergenicity_flag': True}, {'id': 'CTL_pp220_501', 'peptide': 'YTDIVQKKY', 'protein': 'pp220', 'allele_count': 3, 'alleles': ['SLA-1:0401', 'SLA-1:1201', 'SLA-2:0401'], 'conservation': 1.0, 'experimental_evidence': 'Tier B', 'netmhcpan_score': 0.683, 'ml_score': 0.34, 'toxicity_flag': False, 'allergenicity_flag': True})"
"['RSIPLANIY', 'SAMEVLHEL', 'YTDIVQKKY']",3,1.0,6,0.9333333333333332,3,0.7296666666666667,0.22666666666666666,"({'id': 'CTL_pp220_2008', 'peptide': 'RSIPLANIY', 'protein': 'pp220', 'allele_count': 5, 'alleles': ['SLA-1:0401', 'SLA-1:1201', 'SLA-2:0401', 'SLA-3:0301', 'SLA-3:0401'], 'conservation': 0.9, 'experimental_evidence': 'Tier B', 'netmhcpan_score': 0.753, 'ml_score': 0.16, 'toxicity_flag': False, 'allergenicity_flag': True}, {'id': 'CTL_pp220_1771', 'peptide': 'SAMEVLHEL', 'protein': 'pp220', 'allele_count': 5, 'alleles': ['SLA-1:0101', 'SLA-1:1201', 'SLA-2:0401', 'SLA-3:0301', 'SLA-3:0401'], 'conservation': 0.9, 'experimental_evidence': 'Tier B', 'netmhcpan_score': 0.753, 'ml_score': 0.18, 'toxicity_flag': False, 'allergenicity_flag': True}, {'id': 'CTL_pp220_501', 'peptide': 'YTDIVQKKY', 'protein': 'pp220', 'allele_count': 3, 'alleles': ['SLA-1:0401', 'SLA-1:1201', 'SLA-2:0401'], 'conservation': 1.0, 'experimental_evidence': 'Tier B', 'netmhcpan_score': 0.683, 'ml_score': 0.34, 'toxicity_flag': False, 'allergenicity_flag': True})"
"['HIDKNIIQY', 'RSIPLANIY', 'SAMEVLHEL', 'YTDIVQKKY']",4,1.0,6,0.95,5,0.7390000000000001,0.24000000000000005,"({'id': 'CTL_pp220_1362', 'peptide': 'HIDKNIIQY', 'protein': 'pp220', 'allele_count': 4, 'alleles': ['SLA-1:0101', 'SLA-1:0401', 'SLA-1:1201', 'SLA-2:0401'], 'conservation': 1.0, 'experimental_evidence': 'Tier A', 'netmhcpan_score': 0.767, 'ml_score': 0.28, 'toxicity_flag': False, 'allergenicity_flag': False}, {'id': 'CTL_pp220_2008', 'peptide': 'RSIPLANIY', 'protein': 'pp220', 'allele_count': 5, 'alleles': ['SLA-1:0401', 'SLA-1:1201', 'SLA-2:0401', 'SLA-3:0301', 'SLA-3:0401'], 'conservation': 0.9, 'experimental_evidence': 'Tier B', 'netmhcpan_score': 0.753, 'ml_score': 0.16, 'toxicity_flag': False, 'allergenicity_flag': True}, {'id': 'CTL_pp220_1771', 'peptide': 'SAMEVLHEL', 'protein': 'pp220', 'allele_count': 5, 'alleles': ['SLA-1:0101', 'SLA-1:1201', 'SLA-2:0401', 'SLA-3:0301', 'SLA-3:0401'], 'conservation': 0.9, 'experimental_evidence': 'Tier B', 'netmhcpan_score': 0.753, 'ml_score': 0.18, 'toxicity_flag': False, 'allergenicity_flag': True}, {'id': 'CTL_pp220_501', 'peptide': 'YTDIVQKKY', 'protein': 'pp220', 'allele_count': 3, 'alleles': ['SLA-1:0401', 'SLA-1:1201', 'SLA-2:0401'], 'conservation': 1.0, 'experimental_evidence': 'Tier B', 'netmhcpan_score': 0.683, 'ml_score': 0.34, 'toxicity_flag': False, 'allergenicity_flag': True})"
